orientation_index,true_measurement_x,true_measurement_y,true_measurement_z
0,0.3127665674709386,-0.13637804485181992,-9.71325382099635
0,0.30309784144267504,-0.13609226860046622,-9.679390966678806
0,0.30371119644278327,-0.1740209313461099,-9.717252704812399
0,0.29270763487854484,-0.1558252163917318,-9.708372636215682
0,0.27882786830379414,-0.1238188707502582,-9.688489436500898
0,0.30217558306304393,-0.15275711076259804,-9.678750429790714
0,0.3456329608715476,-0.10906425771036721,-9.732868805785253
0,0.30974458353095274,-0.13895684376921055,-9.707466553026114
0,0.3396124081598999,-0.18508837873852443,-9.67129167206321
0,0.28390833426130146,-0.16701508989090047,-9.730012528910127
0,0.31552350833656584,-0.13996169064771796,-9.741283073770362
0,0.2946600528897876,-0.1180100280929387,-9.708746266350746
0,0.2948202551149768,-0.14090065862596762,-9.684302873870418
0,0.2651439735967558,-0.14500776020182887,-9.658253534980673
0,0.27040303343826244,-0.11856473206257132,-9.723547197050184
0,0.2962744398771527,-0.1845735837353752,-9.70954924863577
0,0.26339766810150733,-0.13634887558489722,-9.668416608776003
0,0.29068962383185554,-0.17401089701077777,-9.690744422001329
0,0.28334931146183556,-0.15535337558470189,-9.742007128094684
0,0.26269654425158284,-0.1286599144939588,-9.698040402810658
0,0.33249725843857747,-0.1383832678325241,-9.693732267702924
0,0.3077928278591501,-0.11778606281955244,-9.736692408089413
0,0.2936846901753357,-0.16972019371275776,-9.70087762683863
0,0.2935555575856322,-0.12782261602952127,-9.715503238978
0,0.32366994666399407,-0.17485044236869962,-9.720764663415359
0,0.31126752087089476,-0.1347500041919832,-9.697577269988695
0,0.27820912834974354,-0.14450027225990417,-9.719468657631289
0,0.2967626554481666,-0.18452419321698504,-9.722827603916041
0,0.30677167068854566,-0.10961765445768912,-9.691311234849374
0,0.31883038442213607,-0.1539453404609454,-9.70267751635674
0,0.3309172025198561,-0.14320910634338718,-9.712783342910411
0,0.3060130079984309,-0.1529148523649531,-9.723201306004716
0,0.31122082275830304,-0.1422233504432597,-9.709916234035523
0,0.2843803837219768,-0.1784232903240468,-9.72693295156226
0,0.290241923464536,-0.17678718687068248,-9.682347110715028
0,0.29545544157641807,-0.1553442966129543,-9.712055912364214
0,0.31303087630950305,-0.13200212876134523,-9.691510006730402
0,0.3151248876529959,-0.14162423724540693,-9.708330473819336
0,0.28561247994763955,-0.16881623621809044,-9.72892628801172
0,0.31595524109998396,-0.17963676184714772,-9.713131913413324
0,0.28137798173794865,-0.1441818182034407,-9.716601959925157
0,0.2712846142689395,-0.16166629488252088,-9.717092133852656
0,0.30089211055516646,-0.13763909824438092,-9.690271808394982
0,0.2864288961953864,-0.14408899949475304,-9.707918178510333
0,0.318174105251148,-0.15863445981079202,-9.717243041048864
0,0.3010980503385226,-0.21392958436227663,-9.709190903741561
0,0.29872795033772176,-0.1464925236017235,-9.720916292103574
0,0.29302156293871895,-0.14807407290511326,-9.699374418904364
0,0.3076142094427152,-0.13229064619635622,-9.706701473445055
0,0.2836195028114577,-0.1293262107596889,-9.75102376696165
0,0.27018944922433513,-0.1535394673339141,-9.728935586729737
0,0.27436843278346584,-0.10039027818548507,-9.758664966078257
0,0.28182520564814256,-0.10815827812829801,-9.689444944457003
0,0.2960168541365685,-0.1269621843554848,-9.713351545677158
0,0.33154144286432063,-0.13277904693427114,-9.750427775146722
0,0.312629508549726,-0.1241311712292601,-9.676591479057388
0,0.29105515230646223,-0.15093905058307736,-9.697272421022266
0,0.3086611020095961,-0.16028869986833078,-9.711062510368704
0,0.26728849953086725,-0.16473189566236562,-9.70466237439968
0,0.2872614495771135,-0.12261645778432317,-9.681776626611187
0,0.3306967517563354,-0.11360482194430395,-9.677903182831589
0,0.3006845816210588,-0.12828280577582557,-9.675634052414201
0,0.27793698527111327,-0.16171072249590338,-9.689787841107922
0,0.2947725266743274,-0.1595887292458647,-9.682015161771423
0,0.2859082674439088,-0.1368658820074707,-9.731493113833727
0,0.25775564605992485,-0.15363450883177135,-9.681066362377278
0,0.2889095282813186,-0.15362096175914372,-9.733442149130068
0,0.3203357491958693,-0.14874023408237674,-9.707259706004159
0,0.2912472416719837,-0.12909358166339174,-9.711115827427243
0,0.2868191670747084,-0.17644253728272777,-9.74049133540252
0,0.30856956482151393,-0.15553870726359872,-9.735414091325907
0,0.2703063502631701,-0.12173259259163552,-9.699276680536332
0,0.3004454181987588,-0.15924594510540946,-9.71037373038549
0,0.26058860521848837,-0.12834255646370296,-9.716357124487223
0,0.3199196614649289,-0.18627566687627528,-9.733226070168351
0,0.2985809488425027,-0.15355697203107013,-9.737363458599543
0,0.28060978757275695,-0.15537859216052477,-9.697469900541297
0,0.2934364738503801,-0.15984891980591537,-9.70265151277352
0,0.3083673247795185,-0.19646585193825516,-9.674261082523639
0,0.3066256684286483,-0.14138911650903635,-9.738847244999162
0,0.35271901465251954,-0.11738793673777675,-9.742110068679702
0,0.29833256469092323,-0.1580732058704385,-9.74164761795917
0,0.2601613590502284,-0.09956749954850293,-9.703902255736883
0,0.30535827569497986,-0.16288907824140555,-9.717047214771311
0,0.28689960405810605,-0.12835572923554764,-9.723680359606112
0,0.28888341801137274,-0.14720650343256347,-9.71225883354355
0,0.2826385144071534,-0.14232940518770162,-9.692703239909193
0,0.3290383094908333,-0.12942680217985048,-9.73210273204083
0,0.2858777757348645,-0.14497160956240757,-9.706483907180134
0,0.27860522033624285,-0.155044371710294,-9.68995738453536
0,0.2629300879545841,-0.10462262180522217,-9.697357067907628
0,0.2890956111169245,-0.14697818806833998,-9.711053957393945
0,0.31683704419398584,-0.1239715116932707,-9.703991944124907
0,0.316238171430022,-0.14798926812753935,-9.699804843507922
0,0.3215272911455121,-0.1589003524405765,-9.693222561401992
0,0.24649121925086206,-0.13795123138497786,-9.69426633840125
0,0.2795129411104074,-0.15100263644432244,-9.708336585927036
0,0.2645517904108805,-0.10614384403113838,-9.747225164747931
0,0.276872891236951,-0.14874383046952197,-9.713933737321264
0,0.30537016113119936,-0.13030197033353452,-9.704575182769753
0,0.2676500403530778,-0.14608955618138697,-9.670244327590012
0,0.27452252393356963,-0.14316189027486398,-9.709708435698536
0,0.2777179209114682,-0.13446663944739412,-9.710801385551134
0,0.308021551327536,-0.18346120622773215,-9.686264716482494
0,0.27691398647770626,-0.14401116199521172,-9.728563626791198
0,0.28265690621563516,-0.16762067827213356,-9.731295362192066
0,0.319237667227693,-0.13686571742042505,-9.681816728975196
0,0.32461783113408044,-0.17103390805355864,-9.716934944501809
0,0.3154217389232147,-0.1555391497886053,-9.728387440703813
0,0.30447146719931256,-0.12450173464960754,-9.672050763623284
0,0.29472646545461867,-0.17145483652780957,-9.682761315041521
0,0.308794184107851,-0.1633840539101827,-9.738189447435872
0,0.28253999805507396,-0.14016615011297617,-9.691057994789546
0,0.3050652971973389,-0.14327458361893006,-9.724250082549531
0,0.2982741415942142,-0.136576000315177,-9.714169340600806
0,0.28835050665872236,-0.14544321273404456,-9.703130752104443
0,0.301823735765276,-0.12495425950465774,-9.697514408085942
0,0.2868583994515816,-0.13440140789484611,-9.71643902115544
0,0.2718956463550382,-0.1645525532191373,-9.703673775246521
0,0.28915257547437234,-0.15273520725475045,-9.725948385190618
0,0.28437397114948454,-0.16103338312354656,-9.727736341809283
0,0.312110848289257,-0.15865114495408897,-9.725830932122001
0,0.2596429584144113,-0.18291970620379305,-9.719360428882034
0,0.314026257465581,-0.1755248664425731,-9.699833122247645
0,0.2974661848784471,-0.14434118025850037,-9.7386207719542
0,0.29391741375799446,-0.15231435480353414,-9.708084228075586
0,0.2978973975640521,-0.14918708093211575,-9.723698909548816
0,0.268078390284368,-0.1717215687126491,-9.704012902784932
0,0.31169333222133166,-0.15095919065024999,-9.710008057724586
0,0.3144574742801576,-0.18181157982292573,-9.683798363229556
0,0.2925057935147361,-0.11838782004110965,-9.702762726728718
0,0.30743415847009997,-0.1353977145197369,-9.69483641716324
0,0.3269804094065291,-0.15264184828104876,-9.717881870050453
0,0.24987745318772403,-0.1349504307927899,-9.681772855591548
0,0.31417622123556266,-0.1644713115699571,-9.720633977989442
0,0.3135976944516968,-0.14089846604711057,-9.695710218926386
0,0.28869988296422083,-0.14544818466971504,-9.687539671327611
0,0.3013925953882674,-0.11335720912165353,-9.722039730149021
0,0.30455617409094965,-0.18369749336329305,-9.702421921985902
0,0.27840595074790664,-0.17488706008277705,-9.768854095766592
0,0.294806076787079,-0.13913871726341975,-9.701165217932077
0,0.27095993607245994,-0.12466144839440788,-9.684172215335872
0,0.3119393612958171,-0.16874006382747003,-9.740023007185416
0,0.2728421618091325,-0.12783077787984945,-9.697366165037764
0,0.2881404078355686,-0.13221764280638523,-9.713198834953586
0,0.29889624758266503,-0.1750585186055344,-9.711945385690207
0,0.3090726780935154,-0.15358459578746095,-9.713656618607425
0,0.25550867836966434,-0.11603879760026063,-9.704895540605436
0,0.31701708794723904,-0.1687416230403245,-9.710517638472847
0,0.31644251727144695,-0.16061998000342534,-9.740243403519626
0,0.2739073436471845,-0.148879780072312,-9.720367016841086
0,0.3400574155852305,-0.18100642963136523,-9.665516398900763
0,0.26316066518861375,-0.16762583298510508,-9.734354797684087
0,0.29065280271108435,-0.13294103238147809,-9.72856994215395
0,0.2924438115184553,-0.1982576853471804,-9.67585774855421
0,0.2754483833989249,-0.14954227543284232,-9.730587980369616
0,0.26260895818412316,-0.11968355215302685,-9.725618614062732
0,0.30049181312900514,-0.19046946588371086,-9.674280529021182
0,0.3006154860135124,-0.18081224616331754,-9.698223717077981
0,0.28183204773175335,-0.1570653225890944,-9.730406278569104
0,0.27472388802949604,-0.1553639317337215,-9.702938826380377
0,0.3089547968249613,-0.16209968726112176,-9.67941217355855
0,0.32133303012921305,-0.12738461569108656,-9.7195872176414
0,0.3099640219357164,-0.1239632882516647,-9.708501257055639
0,0.28080832275390616,-0.16244007100796673,-9.740839440508772
0,0.29236855838024267,-0.18356072438193866,-9.734062832280769
0,0.288886755857395,-0.1363560137030633,-9.72849621216546
0,0.2734781272085581,-0.10159081967600662,-9.69792620953891
0,0.23232359080319193,-0.14513556201930639,-9.683416307370775
0,0.3115214230657878,-0.15891530651160365,-9.70966525429425
0,0.2651325886679545,-0.11101129020961226,-9.695177897501642
0,0.3032854432442377,-0.15829022042710075,-9.739676354949227
0,0.3032412767462464,-0.15389923411829493,-9.710571612671073
0,0.3318578733040872,-0.14323687326003215,-9.696311242070946
0,0.33354154037248007,-0.17396930999519294,-9.708169277199996
0,0.26353975478798264,-0.14548372011782126,-9.676684319625101
0,0.31385657105712705,-0.1596594289823087,-9.696354679199205
0,0.2824718640918408,-0.12152110102449667,-9.680414874723667
0,0.30057231242751437,-0.10526706230226718,-9.669729861011364
0,0.31425285395293623,-0.1403067588511176,-9.708972674116529
0,0.3419603626383495,-0.17847654887419073,-9.701175733663497
0,0.32672355533312375,-0.1801850980725624,-9.727831904641475
0,0.31063822733976043,-0.1604924431535648,-9.696263911836217
0,0.32511898390348787,-0.13452900221543634,-9.702806141261364
0,0.25793830876351054,-0.18814974160978748,-9.701149946415345
0,0.2712412453405893,-0.16353333316676086,-9.744223336878678
0,0.30105339043475593,-0.1428788442315481,-9.71413652042583
0,0.2841234028468005,-0.15093214525922327,-9.712984006644184
0,0.331027124440693,-0.16347683342792008,-9.677384183443005
0,0.26610678145221445,-0.1521659494942749,-9.693731760196716
0,0.30034165863549006,-0.1252438494852386,-9.70466208138747
0,0.29852120665658466,-0.14845313201999127,-9.71594372707679
0,0.29692338769135346,-0.12016886634108015,-9.71316191887643
0,0.28887417930809495,-0.16178046683171704,-9.720837699699787
0,0.2822666371878503,-0.18699335304887818,-9.672958308107864
0,0.3147968816553289,-0.12359269612971462,-9.683051259815777
0,0.2869126882140034,-0.15725672048947736,-9.729788172293427
0,0.3154238555241429,-0.1688008796538773,-9.714789399777317
0,0.26775605330308905,-0.1479450979594766,-9.687323087582373
0,0.3021144953154535,-0.11817236068721021,-9.717424066731677
1,0.1939852494084345,9.575984058258497,0.11801932688647496
1,0.21453856381363465,9.5608238481003,0.14033811331469598
1,0.18387568018452216,9.571243336350287,0.10365992225282482
1,0.2069345396447063,9.537741266634853,0.11146689881801683
1,0.20046139236662666,9.574422302058183,0.08770211636341269
1,0.19461997030329578,9.561836702206461,0.061399999017205754
1,0.18605624750576522,9.5694959151083,0.09356682495788847
1,0.20282391691945187,9.586169205731862,0.1275196826527789
1,0.1992704670048181,9.55586825575229,0.1274357112369012
1,0.1648644453490937,9.577931697370348,0.10886197456640037
1,0.19057263345190772,9.568781876068572,0.08854526437053589
1,0.16981082146474122,9.539842987480064,0.07961196250330174
1,0.18607653743669658,9.579606401270473,0.09869374101599107
1,0.19506977762244765,9.561137111299963,0.10982467338172128
1,0.19511001447862603,9.549200523631798,0.10649405510098998
1,0.19942380007104368,9.573865831526991,0.11853985905741066
1,0.18822175529313076,9.5765033624144,0.0833858321867779
1,0.22128830029789343,9.58660250903873,0.12678321191189992
1,0.19810874371888468,9.563288883998908,0.15048020315515565
1,0.19407044571452411,9.566584605772615,0.09990053177853088
1,0.18345284497767134,9.598617155492255,0.09660045503432974
1,0.22028634964845006,9.57704224267892,0.10032472279372033
1,0.16788102995719145,9.572120767056568,0.10663251030959559
1,0.20033187496131152,9.558727406405051,0.0960629472601543
1,0.18985998319470054,9.545632251565635,0.12917115037622795
1,0.19117031151428707,9.518049822966823,0.10824614322153213
1,0.17838932021736956,9.561085723587482,0.10438262776452492
1,0.19313769214299437,9.561837977821366,0.09114453795181342
1,0.2195801672808482,9.550114564270498,0.11708485481183542
1,0.20137399049949062,9.560226799357455,0.09883619229991993
1,0.17525218980929744,9.530418267062366,0.10299412845523531
1,0.2122349627826717,9.573521743382596,0.09966783854015505
1,0.18222896798355642,9.55150765528995,0.10955953923476931
1,0.2030669867174166,9.541811536490304,0.03837542921801727
1,0.2062320350505687,9.583320157896905,0.09703998197709503
1,0.21271270290038077,9.544376415692694,0.09106452201716954
1,0.20293221630409555,9.54942236002115,0.10732589917523781
1,0.21120187647468416,9.547559741868834,0.06661153379810969
1,0.18194621343537654,9.576981554146172,0.12682594267288363
1,0.2252148003034779,9.58032380790761,0.10989022538237081
1,0.2108804794466981,9.562590136148799,0.10148865384615544
1,0.19286670551327967,9.564421825207962,0.1196757624150303
1,0.17687003185967257,9.55647392162475,0.10498757310750507
1,0.20922616020830703,9.536967496522118,0.07521243652754091
1,0.19476834349024935,9.567533201836552,0.1445174202517893
1,0.19211996437680717,9.533684085911402,0.04833653192812611
1,0.20906572065005935,9.544406913477678,0.07647767801146585
1,0.19086229254813333,9.553591310588,0.12599709474463186
1,0.22741303894308668,9.576000347761047,0.09758338981557595
1,0.18391976347385208,9.548663516571636,0.11058595519817552
1,0.23450585864205897,9.561511272430362,0.1228964120248914
1,0.21014620704280626,9.588281441947036,0.08787798803370862
1,0.2034376837121318,9.569551051803378,0.09418599576422926
1,0.18231513753225054,9.571266564269825,0.09746964011337918
1,0.21100983372043236,9.533328354491266,0.08335652818614375
1,0.21222198865878958,9.576201532685703,0.11697898277835904
1,0.2040635793884642,9.58522385612873,0.09164983524332856
1,0.17887299541684626,9.559929767230665,0.10592420224307428
1,0.1854630360508777,9.56453970750245,0.11147765490242387
1,0.1757181182816952,9.516219328175287,0.13443644348352218
1,0.19265007135693377,9.577742875979494,0.10840202141323606
1,0.19993517714923661,9.574066262749598,0.12705699230276613
1,0.19631053854883643,9.581447587584643,0.09867165259104205
1,0.18429336763480492,9.555043311975066,0.05543814353232048
1,0.18639024067678905,9.545789811728037,0.10927002863179937
1,0.20455293205130431,9.57438473945541,0.10646310062988593
1,0.2113732106811895,9.574848428022843,0.10348710971836932
1,0.19871969718922775,9.566797694275873,0.10763771032159439
1,0.18006776757590062,9.561361120537166,0.09405195923431406
1,0.17725054402833798,9.562151447206134,0.08056600288925173
1,0.21818924858457422,9.544268574903183,0.10128529315339876
1,0.19096816896358962,9.56151415704937,0.07826967164225299
1,0.22384047236030263,9.554401298711396,0.10361348086181911
1,0.22021876035234897,9.57160045413409,0.1003496128020676
1,0.171017936622889,9.554184226361174,0.09861964575145432
1,0.19087968308199,9.577842646199915,0.11541727519649242
1,0.21703152582072802,9.540986969822688,0.1082067231247374
1,0.17949295744187366,9.562521610127863,0.09241428795282544
1,0.20382674468898399,9.57579486820653,0.10063804956448569
1,0.17441185076415008,9.580606015153235,0.1147754768360317
1,0.20009760712641603,9.583977052135658,0.11596815870658128
1,0.20219843596297793,9.525770632327836,0.10194953954204576
1,0.2113892848775849,9.581830660456138,0.15314793801824814
1,0.23682018630121404,9.551678945963152,0.12909215587073852
1,0.17573578415217192,9.555477854406004,0.11892585532203584
1,0.21522598446663616,9.581380105180402,0.09902349472243768
1,0.19401929456633674,9.564359631458926,0.11697545181135502
1,0.1687917247085501,9.525937404541834,0.08852930260550829
1,0.1648885281918696,9.546969540547018,0.11333576187698295
1,0.19734584306159428,9.559988016968283,0.13965037389894053
1,0.22638159692277446,9.59569933415071,0.11152551245289972
1,0.1910143524902258,9.544399420696067,0.12718385581813604
1,0.2179255085642175,9.574585884805328,0.07704733822625202
1,0.16009800432329555,9.546210841646088,0.10808559444855947
1,0.22766735459955187,9.552926053023153,0.12959216220027403
1,0.19115497818111757,9.575849811564053,0.05708184321751041
1,0.21955838850312753,9.585690401305092,0.09757256738774504
1,0.17084661130044312,9.600523735401431,0.12955309348690128
1,0.24062610322405467,9.557796986745512,0.08436003978977075
1,0.21027478938617145,9.5749442780927,0.14800435455812022
1,0.19695178088891635,9.561418257484265,0.10744258858274151
1,0.1776326466913556,9.541561589031096,0.10526808107918623
1,0.2050518720652216,9.594126290352337,0.11937594607001725
1,0.19874114307942314,9.589777181035238,0.11574918562048833
1,0.21149119731132293,9.52504279917803,0.11909617403512746
1,0.2108965303054895,9.556824159571656,0.13609355660102787
1,0.1974060639719197,9.588698109963044,0.065972589067004
1,0.2023145554273652,9.580628840691904,0.07211720154193642
1,0.22339099941573876,9.56154045035953,0.07753808083721066
1,0.19297131013113206,9.578531480150207,0.0975314458017306
1,0.15901983277773907,9.593973239317206,0.06330224273900481
1,0.23479594985586422,9.575017854880558,0.10699231830071401
1,0.170968661756469,9.577117869630323,0.1387343186339132
1,0.22673039613315768,9.554214029077535,0.08889888813312193
1,0.1928256508116791,9.559868721871464,0.09261711753758162
1,0.16441640310082756,9.560600541364286,0.08243239323803263
1,0.20312064344202693,9.545117194062223,0.10692243625571961
1,0.15303858092992656,9.567562970182028,0.0938069040583606
1,0.20896949120216335,9.594453502807296,0.0707477026358234
1,0.18088812080910327,9.5789568070794,0.11042954531344329
1,0.19739484764831125,9.538148359944511,0.11773235784292661
1,0.21599017230779116,9.59685413833765,0.08358032419975363
1,0.2188800670519731,9.54968881998101,0.11867787810955846
1,0.19323011954378075,9.558673536810684,0.08955676124662312
1,0.20763667839960873,9.558610767600852,0.12617224890235368
1,0.204115505797861,9.54018719791695,0.12197220761660742
1,0.15754260436442075,9.567949202953807,0.062067105527140495
1,0.23048439031778037,9.54361888353668,0.10497716415429707
1,0.14800910653500082,9.536971576542667,0.09544336849660369
1,0.2014917034680272,9.567622895383415,0.09209128533376765
1,0.22731397362223255,9.583138174578275,0.0888227108003046
1,0.1838113537467547,9.597300093823081,0.12329933023187623
1,0.15503645579515735,9.533435527380911,0.07497975218236608
1,0.22870479217870315,9.580304499011454,0.10354181985725312
1,0.20225247051718648,9.555353592835274,0.1472699201151038
1,0.1602858154970058,9.58786285929244,0.11935512527448079
1,0.19520483727447072,9.591316890594943,0.11579641419174122
1,0.24071092807305466,9.537595382229885,0.07076195620739531
1,0.18087672983707467,9.573644804852188,0.13435636985645205
1,0.15596642796711585,9.556441639877672,0.05607471424339591
1,0.2091003770828374,9.533050610052708,0.1140586474027668
1,0.21638578955980187,9.576822559141073,0.07317079632168261
1,0.2081361941436506,9.565249306471722,0.11098907937821657
1,0.1850388126135097,9.546113891141063,0.08321496310464636
1,0.20608899218617455,9.497072933176437,0.12206469980670381
1,0.19816875168136622,9.571804340098588,0.07365241166410223
1,0.19117137385171853,9.557625010608687,0.0874008955072777
1,0.17643986748867702,9.559483565284376,0.09116939183277623
1,0.17982666181264445,9.572272770367066,0.09245708924168422
1,0.19787428026082632,9.572186793515263,0.11528004834967613
1,0.19949129637035498,9.6131610323168,0.0930792878764354
1,0.16175309519318587,9.563790451230888,0.08097021116350171
1,0.19975120716155442,9.537822389704957,0.12000572312051887
1,0.19554815444343274,9.577057787245987,0.09402179864830496
1,0.23073670646064892,9.578788258465982,0.11225365233787014
1,0.18667915640791946,9.547144565853605,0.12353556284485169
1,0.1748687985674945,9.542924835210798,0.09125617678020981
1,0.19248498327763688,9.57404683218786,0.11097999920245273
1,0.17497015838846672,9.542638602647447,0.15331168902091424
1,0.2222921775147802,9.568229546100921,0.12845411428679965
1,0.15691476906199003,9.56236575749138,0.11371570639323851
1,0.18728086860339382,9.588938955415058,0.10248986817517805
1,0.1920706221611787,9.580736766944055,0.06944537202179075
1,0.1905796159035775,9.577233073579906,0.08903691056697355
1,0.20721996741178222,9.541944542937244,0.11940021883418725
1,0.1964866261401889,9.56792410498634,0.135156097673373
1,0.226225469053148,9.555924024467092,0.10115746762484601
1,0.2002063476940486,9.549943489881054,0.08226982785766528
1,0.21877236550105392,9.564367963812131,0.07580706229982101
1,0.17052771345494097,9.584961257540462,0.08471813886612282
1,0.19835078797951092,9.506787886875518,0.10790695490545249
1,0.1939139400835556,9.55162521812359,0.12629297266167364
1,0.21256667443475938,9.583101782692216,0.12540309887302112
1,0.20596111413046783,9.570038722680637,0.12482998922372582
1,0.21698091591078458,9.52892474845235,0.13761121684433464
1,0.2029782135327074,9.601184142247392,0.12086257177650121
1,0.19575449643093473,9.561015747981914,0.08858261888995939
1,0.18131642853665747,9.546015822223408,0.13468771659556772
1,0.2186496387416155,9.554373286325577,0.10097131743722974
1,0.2044879794509867,9.566596224060866,0.11636061594135104
1,0.19246552463406438,9.575065644056957,0.08034749127429247
1,0.2137326832614871,9.531555237857793,0.09841463934307533
1,0.1814462220640505,9.552683957545565,0.1208118154883588
1,0.22424591251031697,9.59570697408557,0.09747078312677106
1,0.20952466358897676,9.583046546901619,0.09472029231316939
1,0.20402932509624533,9.537822047015984,0.10683221252753737
1,0.21902648308277808,9.586566609332118,0.11453397038091188
1,0.15266490227952628,9.58378980768355,0.1154730760088195
1,0.22661263076055801,9.57096469822919,0.1177885535494595
1,0.21801650098419856,9.57577993201264,0.10780537227515054
1,0.20557459682441448,9.571523958620427,0.1105525352857569
1,0.19414343498370049,9.572983562519788,0.13650596797109096
1,0.19860124652127792,9.563301806950664,0.08339186802161083
1,0.20342676067788446,9.559328839467499,0.0883646150960757
1,0.186400458900938,9.584683407635362,0.07542161639304797
1,0.20527665090349873,9.589640388301444,0.09434251215571493
1,0.19957901452687166,9.587628732788,0.10175090816470037
1,0.22191654465341246,9.5788176477082,0.09983098900311033
1,0.1580744915002424,9.591161984394871,0.09008451804330071
1,0.18138559653423494,9.550994618046298,0.09957530236821971
2,0.03521105254733437,-9.651718520357731,0.28920821534580815
2,-0.026853505219396872,-9.673031262100857,0.2987045184706547
2,0.024231184669174545,-9.649139358791851,0.29609668830218
2,0.02509489039906409,-9.66039196816092,0.3332705164224912
2,0.006585329543075146,-9.640488435637627,0.32018793243054167
2,0.02998847844669756,-9.655855117400616,0.26772252747995595
2,-0.005364356805342799,-9.665451685300146,0.3199309041186469
2,-0.0030533394171396114,-9.68064154007197,0.33254256497845547
2,0.005652877983199674,-9.631909706844862,0.263006786716079
2,-0.009795597291425127,-9.635954008207538,0.28883226498803394
2,-0.012528136371507926,-9.665528294861316,0.2843341762769882
2,-0.009572377748123969,-9.668227772409908,0.2771557002448567
2,-0.04842397610897871,-9.66486563541782,0.2897920925637766
2,-0.00014817245687628617,-9.692461914657018,0.2901757983902539
2,0.03889762758130859,-9.651099384282544,0.3069283019652925
2,-0.007035383830097315,-9.67449521938744,0.2868955960650299
2,0.014780646538489919,-9.643210817998751,0.29369407348977716
2,-0.029606222964846697,-9.670838903700174,0.30300814293259115
2,-0.02215598834784208,-9.693213674144781,0.3309917247564437
2,-0.00804323828429124,-9.646723266015021,0.28788153182390475
2,0.0006286743930715977,-9.657089526174857,0.31702612286346304
2,-0.0020586872399495524,-9.651016441549887,0.28589955846332976
2,0.004616771813882977,-9.704708020177193,0.2750011470357864
2,0.009044098152905664,-9.63382114446244,0.32693497327116555
2,0.02928599076134429,-9.649263112715795,0.3014279132736741
2,0.021360365992370043,-9.661460654375302,0.2734274278869345
2,-0.037543963902233926,-9.66356487123775,0.31699486915391883
2,-0.0025018239581150173,-9.636289575280443,0.26167652538630387
2,0.036276796421470324,-9.691401717264318,0.3114517528370428
2,-0.020229079009919687,-9.665400491280964,0.25488882867860874
2,-0.005578208028245877,-9.668848048530917,0.31632600560840723
2,0.013845416715416859,-9.668465309650262,0.31985382464762735
2,-0.006169997582041859,-9.652564788138923,0.3140075187363639
2,0.007832172321851367,-9.644644776044213,0.3273624380388154
2,-0.009361217443071376,-9.675535031551327,0.29853042226467397
2,0.0058920001545244875,-9.652849932350192,0.2807021352767949
2,-0.033165472468925594,-9.696498851422586,0.27579427518282223
2,0.00944680880045026,-9.685503967582031,0.2951402505528715
2,-0.0055739303432052,-9.649902834000645,0.3051172288153662
2,-0.015892054738358908,-9.651920574584297,0.2986436686382108
2,0.0053212184493993085,-9.686691417515924,0.30207312837423556
2,0.025648330400974407,-9.640482058733188,0.29624302277858156
2,0.02218184856687901,-9.680888403565339,0.296930124350541
2,0.02790985332473242,-9.643858366077563,0.3271271816294076
2,0.0020208931023178293,-9.675363252445813,0.2765622219941964
2,0.0031752441261595683,-9.671113149915849,0.30234819848539884
2,0.04330234622040846,-9.671461177900879,0.3285662843079791
2,-0.006101993684482929,-9.655015175276883,0.28078979883303723
2,0.00928693283060679,-9.643053605528172,0.3165468599798864
2,-0.040644817918388816,-9.62210379637522,0.3076137936472725
2,-0.02197673539879663,-9.658715263910485,0.31094929102595564
2,-0.006253587800387338,-9.657514683668856,0.3011057296242613
2,-0.01859452512543561,-9.668161470496248,0.2801659659247235
2,-0.031704844605566156,-9.632363995986648,0.3106348834701274
2,0.016335746309087615,-9.657157488850256,0.3152978768667325
2,-0.005097078762030986,-9.669716112867349,0.2802270364048024
2,-0.03792972040828064,-9.673160941009058,0.32746204973662424
2,0.030953195233575904,-9.660814007277391,0.3056092028446059
2,-0.009941604433249276,-9.687366486993547,0.32328193150734696
2,0.03894829867720581,-9.72040056531431,0.29109816988598397
2,0.01727640134397488,-9.651490671000635,0.28908002766855756
2,0.00042084250793904114,-9.672085467781296,0.3386569218081985
2,0.01627250209255407,-9.715392330544411,0.31026186626088303
2,-0.010660064755421448,-9.688070767245057,0.3169055460588019
2,0.0041952809193707445,-9.662088732004197,0.30228247500811983
2,0.010248905836790799,-9.661651355564489,0.3573745270591137
2,-0.02510448913385167,-9.674434036018031,0.2832944218215602
2,-0.008884107302173328,-9.664157359095743,0.28560881172123465
2,-0.0015248577603324642,-9.656929459256435,0.3075472539447815
2,-0.004090325573135815,-9.674104141189165,0.2828690108765199
2,0.023021535060819085,-9.66055607151901,0.3219000188113018
2,0.0007707601691229102,-9.685942206315053,0.3444616566903565
2,-0.005732633332143518,-9.60716950719687,0.2687732758058014
2,0.019908769768020824,-9.630329705096802,0.2910716650510863
2,-0.027082196251474844,-9.639529864375577,0.30072241295836
2,0.03429125969747658,-9.674818460987511,0.3113149158261314
2,0.016691019287285246,-9.668290005166757,0.31509063961343986
2,0.008445530950991844,-9.663302587199704,0.3334792633440058
2,0.03195992171314112,-9.646632326556187,0.30519181665391
2,0.004320195905848943,-9.638023928526252,0.2889476311536638
2,0.0011446177176162914,-9.674680779351194,0.29840134430755605
2,0.00864613444028767,-9.666082813764813,0.2949593663675411
2,0.02723170387599801,-9.688357721024836,0.3055696788061746
2,-0.011029207647378775,-9.67937771849292,0.28175427428039124
2,-0.007708353782340506,-9.678110947837908,0.29689654868952625
2,0.006486555821163795,-9.672767452470447,0.29212520293549427
2,0.02373657176407411,-9.710364470218007,0.2870741042660713
2,-0.006472962209506867,-9.64416545469331,0.3064280874387838
2,-0.011956403629979087,-9.678859582894527,0.28530188374442045
2,0.03431831217218734,-9.702599136399053,0.2813401296513476
2,-0.0028887485127526147,-9.701698543317935,0.33096885131361636
2,0.008817285264750424,-9.664058566321586,0.2798547064567731
2,-0.009695786052978057,-9.713126658198728,0.28616253103805117
2,0.020200860405540758,-9.642577560602886,0.2896877471551528
2,0.0029723164126499975,-9.611840825400606,0.28515751760078367
2,-0.034410328468188325,-9.650747686187099,0.3091262841184161
2,0.014100679055604913,-9.648183883565771,0.3229311096375605
2,0.001935407581830174,-9.646639312659458,0.3022729133678318
2,0.004551431661246268,-9.673985876654601,0.28499856172906435
2,-0.013345848889092904,-9.650783276553788,0.3006300144584751
2,0.03156617656339457,-9.63969595539704,0.2753106207605636
2,0.0002513161473093389,-9.653467103705838,0.3158441988457856
2,0.01267947246621048,-9.654555582487339,0.29711334035085507
2,-0.008470282042726285,-9.634508312010638,0.306432742955615
2,0.014238157179955824,-9.66922333157321,0.2934662596281655
2,0.0021608249707121235,-9.640024629177233,0.3390130697202287
2,0.01079240511536392,-9.676227778588306,0.3165619396106696
2,0.000733186357572324,-9.652565209072371,0.2896227714886893
2,0.027628117570193702,-9.660956782490485,0.32678222020337816
2,-0.014881971877011402,-9.673389214027633,0.30721923829453124
2,-0.006655675730395496,-9.640904875898512,0.3174060039143896
2,-0.011008247983964927,-9.662661557337522,0.3338359007819192
2,0.00969683566115304,-9.670873771377394,0.28377770642093125
2,0.008795857827276227,-9.635183320570697,0.31556121680051924
2,-0.021963694573619102,-9.623905114857171,0.29344349132716435
2,0.009323093650286648,-9.647898823929072,0.29301608121097117
2,7.489582273441289e-05,-9.637259650445614,0.2733338511501175
2,-0.01370621635879615,-9.66726936556725,0.26444685249420585
2,0.027275385811811353,-9.6628463226654,0.31318068430835755
2,-0.002625086741635284,-9.64608721288458,0.2917489552605608
2,0.05502039807147273,-9.698501636959332,0.2984719151619971
2,-0.03149673442427132,-9.658984561709941,0.30430162239343966
2,0.008941731451851684,-9.651869597967464,0.29664990790191126
2,-0.019865136998568463,-9.69517469589017,0.30197971285488406
2,-0.013446939588754687,-9.670916281980084,0.3358695325673633
2,-0.0005679775271600256,-9.673401475085477,0.2909758299451444
2,-0.026143415378666063,-9.665812586584217,0.28368403493413175
2,0.004238994777338594,-9.678550939643634,0.2864551377138809
2,-0.005600498750909588,-9.675675202527419,0.32908608491870556
2,-0.022396575886791736,-9.614925479710621,0.30299495403261717
2,-0.011053237089415436,-9.673944306514421,0.30142246926874383
2,0.0008585075001031027,-9.6606965060666,0.3321560679605379
2,0.002189036441383613,-9.626981527064483,0.2858871285081228
2,0.004624133071247559,-9.638257436657856,0.3232917849920703
2,-0.021604817635428236,-9.67402863123137,0.306637801278854
2,0.0005010430517841055,-9.687930321102796,0.3028692526239482
2,0.021482736550302632,-9.64822975993007,0.28251353784922967
2,-0.01575659409218856,-9.662179752903437,0.3129049189069679
2,-0.032669735087014144,-9.651368234372168,0.29038613996740065
2,0.0005333576167099632,-9.668948212601046,0.3182187652744378
2,-0.004485005176692015,-9.650401404876233,0.30794360141611943
2,0.02743873657220825,-9.678448378214433,0.3144352172568512
2,-0.013934619792130433,-9.68915268263888,0.2733778735026461
2,-0.043215704288419074,-9.669264305571902,0.26404780136916006
2,-0.028349315669077814,-9.629422652009074,0.26273177556265515
2,-0.03054982917808261,-9.643730459752955,0.2731601908368013
2,0.008750023266319074,-9.661364094650853,0.3134993100521628
2,-0.0002813080248275572,-9.686086217627953,0.283752015797493
2,0.03538920767860467,-9.644510218540182,0.27076777730526086
2,0.019882632394438146,-9.666930349259886,0.28020166350518355
2,-0.018288167707019378,-9.666979021824828,0.32612223734288087
2,0.011715651870850339,-9.691970886926335,0.27590675895937755
2,-0.01680073013944555,-9.65102260824488,0.32739824302112386
2,-0.006689236864357531,-9.685521384369581,0.26655423454007937
2,0.013624647432994848,-9.690172660684947,0.3002656574187211
2,0.017707654223829916,-9.679518017723185,0.2842615939850784
2,0.006280137025929065,-9.683692483725055,0.27209105700705594
2,-0.013410118131504951,-9.658739145217579,0.3118812466370862
2,-0.016530653466934754,-9.6511706001479,0.317779596546055
2,-0.03701897668678672,-9.71252722481269,0.2982010021524251
2,0.025364211934718654,-9.608376221115451,0.2814819891753151
2,0.018544998035417936,-9.654428945999113,0.2934634908528959
2,-0.014290189183438787,-9.68120334901263,0.2933563332862462
2,0.010553307527460472,-9.678098851439975,0.3133603984038648
2,-0.04329756214549867,-9.660687732584273,0.3019910121790524
2,0.024265234163447044,-9.626462064918949,0.27062847599769846
2,0.021315458271701237,-9.63610267338639,0.2675435643588756
2,0.004554882243447639,-9.671022671980282,0.3000549878309083
2,0.0060515132081650274,-9.658420860419945,0.27649959579681904
2,-0.0036761778409602998,-9.670090717582234,0.29374774957854555
2,0.004468674758004587,-9.669255887592419,0.31298651035587766
2,-0.00023057917461628743,-9.696470689984192,0.3201217988595342
2,0.02396126802532122,-9.67019233182582,0.323814356502087
2,0.011255992292139694,-9.671695081663373,0.3152799231918261
2,-0.0021073715088504768,-9.661040190261971,0.30026396464186583
2,0.0028084642983021804,-9.637997155786262,0.28122245260974194
2,-0.006660538602066472,-9.675755144403714,0.2996934003777334
2,0.012960639610074277,-9.690911068653602,0.31078194068595844
2,-0.015971176574189172,-9.67321539627496,0.2839443153682776
2,0.026331264186011758,-9.687917321336425,0.3035731806546065
2,0.006876768940700634,-9.659178834537709,0.2790709694790876
2,0.023880849505790253,-9.675276612461323,0.28941911974903634
2,-0.01447413680087042,-9.67624211819651,0.2982856013231704
2,-0.02018980475109554,-9.683888014524104,0.2990706033689065
2,0.0005812678894884578,-9.679597083810789,0.31940687923839817
2,0.013602060905892282,-9.660624776628755,0.28695780249607894
2,-0.037970754100161576,-9.65800917301167,0.288435552470567
2,5.531051140454592e-05,-9.652587103502759,0.24907826846053507
2,-0.029528618710948244,-9.64353107659291,0.26455929061461425
2,0.01429877865240959,-9.679873302257157,0.33621227527541586
2,-0.02188325193770913,-9.687390573546605,0.3126799977349618
2,0.007618369485341117,-9.64493786144922,0.27844046470155354
2,0.006683503499233636,-9.666479796429046,0.3027160221872058
2,0.009563490670558398,-9.65628282395788,0.2694251520947025
2,0.008998107633277293,-9.644686974723257,0.327296012991327
2,0.033649097566811254,-9.648612870607831,0.26239572420742796
2,-0.029471455808625382,-9.685370586496775,0.2870702506802727
2,-0.014002891483796128,-9.617229772501549,0.31503168738292436
2,0.0015264272419342516,-9.653863161228609,0.2985073529244676
2,-0.005457759780658535,-9.64846199478132,0.2925425934617587
3,-9.902587267388906,-0.07223197022708178,0.1201637360796016
3,-9.911779491139812,-0.03563374065267136,0.09183042059599292
3,-9.911343877903645,-0.03952812798593287,0.10175863287035262
3,-9.910301274531216,-0.04083529988947107,0.09996353559377544
3,-9.893892041805607,-0.035364536315193915,0.12726902872139484
3,-9.897855957617073,-0.07525942954570083,0.11551868319708448
3,-9.918811441719324,-0.02282069684512385,0.09561071689576747
3,-9.90233777966872,-0.05851186637068143,0.10219809596266316
3,-9.881944954037579,-0.04292412489690381,0.10981874005409331
3,-9.903122657894576,-0.03970153775065717,0.12891716049528887
3,-9.893696065175776,-0.029287817200208465,0.0916741022706693
3,-9.945100405878788,-0.06293981551524008,0.10433830234959698
3,-9.891354128693903,-0.09666191353032591,0.12288352497758172
3,-9.887765559246892,-0.051002485006868284,0.09783780826907965
3,-9.907423990471306,-0.029427543825499548,0.09764254211070668
3,-9.89599753785649,-0.03676485236583846,0.10077095171297969
3,-9.92087530984178,-0.07652019362188078,0.0951155282011951
3,-9.888427234262476,-0.028743720049214702,0.08088532615121125
3,-9.898303657535726,-0.04529524790109128,0.1209933275328442
3,-9.884560218059427,-0.050209017088382824,0.11742467308774786
3,-9.890951138531237,-0.055266479027268556,0.08269741239393381
3,-9.89956729349971,-0.04347846803397285,0.13887396256369255
3,-9.859585137578685,-0.04114717307845623,0.17231135365411954
3,-9.897952111472177,-0.0664073928758328,0.11348917189893598
3,-9.909188100182106,-0.03460287403177905,0.09497114299481303
3,-9.898784790805035,-0.04853217668376781,0.0668523479436508
3,-9.892788095305484,-0.04026624476600291,0.11653737808041567
3,-9.923119391023523,-0.05519973339665175,0.11599055309777268
3,-9.913915786284667,-0.053618816568798744,0.10454647956563343
3,-9.903955837273754,-0.02698895970568876,0.07970856058721829
3,-9.860798599907502,-0.035415809752591815,0.10156050950275329
3,-9.942403450497023,-0.05892016428699358,0.06301919210592209
3,-9.899397764864391,-0.04946056131472912,0.09301761820943344
3,-9.878380633380825,-0.09780427763611448,0.11162377914717156
3,-9.93715993824778,-0.04928773091556947,0.12315046851797543
3,-9.896762150435235,-0.05206837832578613,0.10134447647433034
3,-9.937976359564908,-0.03386294514931061,0.08797173061381328
3,-9.905904554880468,-0.07761799412259693,0.10525530291570992
3,-9.90141368492395,-0.02165975153415281,0.09489676104922129
3,-9.874137388450007,-0.029473716093690983,0.10145187719420148
3,-9.890444540124756,-0.08934585425591912,0.13751137975460914
3,-9.924410420444994,-0.056471245864039385,0.10164100225220386
3,-9.905192649281185,-0.05735043408135336,0.10152124109095335
3,-9.932824097902413,-0.09370488999990312,0.13508624507708378
3,-9.907322118027569,-0.051058667514365066,0.09460205868760685
3,-9.889715714269075,-0.07092671340105006,0.1448818966162714
3,-9.872472862093165,-0.04042335116688099,0.10934431026551139
3,-9.912862268518133,-0.053400438672354236,0.1088409558499288
3,-9.940072831651118,-0.02402849841805859,0.10093584705206479
3,-9.902450586276464,-0.03136936471128412,0.1213546304105402
3,-9.885905751517548,-0.02370011496953833,0.11556902375200209
3,-9.890166720474834,-0.029229351576383813,0.12562881913970084
3,-9.894667110057956,-0.0198380458952351,0.12057581260972587
3,-9.896436009349769,-0.03603449159550122,0.1166057496592405
3,-9.926876942572658,-0.039989837014604596,0.09119979746081809
3,-9.921703209466365,-0.0633699570878816,0.09395179828086685
3,-9.94516164829339,-0.0865205358151431,0.1078959983976377
3,-9.918885368187583,-0.04939325212676077,0.06796026490790925
3,-9.93608406516631,-0.03460135479790489,0.11386266483865592
3,-9.91876252148332,-0.08516821844324113,0.07533710331533161
3,-9.86773547144705,-0.06916512978890726,0.08119605569567773
3,-9.932612543073526,-0.04255061152546218,0.1299979417226131
3,-9.889607632086356,-0.01869762595403912,0.10449946755696932
3,-9.89728683049961,-0.05548324841381501,0.08652544901147319
3,-9.91858547928886,-0.06188313155883407,0.11522811186041149
3,-9.870609850471421,-0.03703617839204698,0.12330876204490003
3,-9.908328377419487,-0.0808402691509962,0.12633666780122327
3,-9.889807958834078,-0.08347981804235416,0.10324432851722637
3,-9.899526822202093,-0.07197947782583039,0.11463837588612921
3,-9.975395684779771,-0.009765544488961109,0.08933579773990995
3,-9.946432733962595,-0.023722676344178746,0.11301755433195136
3,-9.897504493150368,-0.05382159162415502,0.08618993802796943
3,-9.875570401615049,-0.03889065924327142,0.07769701093961279
3,-9.891969926963402,-0.05016271899758854,0.08868493799235172
3,-9.902565987227685,-0.05071642046914827,0.09990770621209955
3,-9.941650399639833,-0.06602479310735171,0.13381112858142274
3,-9.934037000170854,-0.0649665990136192,0.10984294714422244
3,-9.886646168274645,-0.06149670091506012,0.11273350820594952
3,-9.881747746689346,-0.05456424357586676,0.12176996309681669
3,-9.903175752037418,-0.058068003984595266,0.08978329366164743
3,-9.910294580577464,-0.02635930760932475,0.09607892204697095
3,-9.895210535370653,-0.07575630280736304,0.08008251458730622
3,-9.945839545085487,-0.029197689145590497,0.1293764490410222
3,-9.894845879863139,-0.017194383326222883,0.11531982876964032
3,-9.896470599950165,-0.05786707776847744,0.11726746389545287
3,-9.890408094716122,-0.01593347022384054,0.09858745943465826
3,-9.941117097086819,-0.032940163819726184,0.09305163573513393
3,-9.918798651750315,-0.0456128990585697,0.07673709325204929
3,-9.850364302658551,-0.07269390600055287,0.08517138667320504
3,-9.873945848484109,-0.03600716242283855,0.1054829286165754
3,-9.937323886009922,-0.012987714665302984,0.14468963703741328
3,-9.922633594421967,-0.023278543300862743,0.09918403357178797
3,-9.89265661847218,-0.0033833442912526573,0.07466308515696687
3,-9.889161144159285,-0.035221890473868166,0.10248810927366106
3,-9.938089655827946,-0.013077065619052579,0.09824082712240191
3,-9.927397571615682,-0.03992088241900477,0.1041207841892294
3,-9.916799788066003,-0.04944767384662086,0.12702015768123798
3,-9.910435187620912,-0.040176357992808734,0.12516852126651568
3,-9.887642816090182,-0.03844115698998812,0.10273664726756566
3,-9.966031085289584,-0.1205431829712772,0.11156050632039699
3,-9.906962793817188,-0.027349064316407885,0.06281449896076877
3,-9.870422180423196,-0.03932706381251843,0.12745420195222967
3,-9.925120985198834,-0.036135295893909236,0.08033528620850158
3,-9.937031860854097,-0.052526361007693506,0.10953261390694115
3,-9.870165612576868,-0.04950038722649332,0.10538803310471447
3,-9.902616960310906,-0.043387810066289306,0.10211901855785768
3,-9.901906022351673,-0.09718925383401214,0.1376607480343964
3,-9.913429422867623,-0.0718966610276013,0.09578639439298892
3,-9.909415634950598,-0.03790047521761144,0.10723283508464423
3,-9.912513141992301,-0.043350560919728644,0.09468192513819183
3,-9.917716337640147,-0.04881983798158001,0.09948080985902813
3,-9.915129452825767,-0.05194461350618029,0.07355814337987292
3,-9.891757305654501,-0.07806849798556331,0.10774763422418643
3,-9.90361966827606,-0.036610923529296735,0.0934439112333357
3,-9.922908676116014,-0.05610498074562536,0.08831812199780259
3,-9.881747030871127,-0.021214352008936163,0.10418447873363564
3,-9.899550916458908,-0.05254279801062028,0.1025775592311236
3,-9.904369821301257,-0.05409553404321522,0.15657618582691862
3,-9.900455377427196,-0.04531779662915059,0.1204678528962141
3,-9.907889513090979,-0.04084997132787373,0.11464233294204859
3,-9.86019810050303,-0.05195474179856216,0.09757887441294866
3,-9.937581190751144,-0.050953011452253734,0.11312423281427159
3,-9.900261304218597,-0.05132403022442686,0.1313720347554617
3,-9.914879876172876,-0.08043556745207711,0.10395258165081546
3,-9.866349303938234,-0.03330468076233742,0.09294347867363688
3,-9.893575298682563,-0.05174181244794726,0.06287835261139432
3,-9.893434746890803,-0.0889332729421457,0.12483058785442741
3,-9.895450391438208,-0.04381481366073716,0.12885050320885572
3,-9.85794394471464,-0.04039563247057087,0.07919492640796306
3,-9.91503303781958,-0.06852932821648886,0.08251862558187703
3,-9.915022784656797,-0.027123010572570987,0.12145648113285301
3,-9.90129902823385,-0.07228817939915627,0.11594926394748192
3,-9.886391342811228,-0.019326344252933215,0.11987184428237413
3,-9.891646232611443,-0.04670425498355081,0.07919358215683259
3,-9.929057819844786,-0.06790463023214892,0.1031709639829183
3,-9.867063315892526,-0.07203464581580886,0.04510146723302005
3,-9.923694819873054,-0.07116059959193723,0.130954363987914
3,-9.927598487236084,-0.047758632030815054,0.10464444294932111
3,-9.89489880859649,-0.060369418941122514,0.09158419117761277
3,-9.90578226045821,-0.056573905856638,0.11925091551463524
3,-9.895765976062906,-0.06586611612074286,0.10591601662711132
3,-9.937681190310798,-0.049627478438008306,0.11109081327203348
3,-9.933179304141008,-0.03697964199091651,0.12026527359297969
3,-9.89354665516646,-0.09870396102955933,0.09990505332121113
3,-9.869120723057264,-0.06794354733476854,0.10738526680179475
3,-9.920022640612867,-0.04870202663975116,0.08777548124823742
3,-9.92958329878503,-0.07324905735711636,0.12733058415165385
3,-9.878986570929412,-0.03868971150472271,0.09871791628403496
3,-9.885027390511015,-0.019407310588654796,0.05882913938927423
3,-9.943128960483392,-0.026896562772438074,0.08868185682772246
3,-9.890178335566379,-0.06216903781914006,0.10637267639111217
3,-9.941716405473292,-0.03859443123020244,0.1001029785392939
3,-9.903120084588396,-0.01574918758834592,0.09772442558755749
3,-9.88962732240241,-0.038090002913150636,0.12003097282263551
3,-9.888268141998532,-0.07800347878026279,0.06276855734772388
3,-9.913562834097704,-0.04970085739322228,0.108430475314445
3,-9.885962733343318,-0.023345799598280377,0.0837145864724961
3,-9.869789051158278,-0.07550815546692709,0.09946492240912344
3,-9.91157900600171,-0.0637570890417377,0.10398490205851675
3,-9.876981677436376,-0.06988973925397085,0.11270167607350864
3,-9.89847897871142,-0.074811792360483,0.11180971183933341
3,-9.92473400593634,-0.03411998740287778,0.0720711600773315
3,-9.921188653033505,-0.02986592294291117,0.11669050161733298
3,-9.883018075404431,-0.08038082777049876,0.0910516968368558
3,-9.907623231391446,-0.04780983913484218,0.06395078982674285
3,-9.907731684324373,-0.08826511023077886,0.11186489755980732
3,-9.909001939005398,-0.06470802812479096,0.09479193670184428
3,-9.880605698302126,-0.07893688153863865,0.09709081443212267
3,-9.91662811791542,-0.056770499326924524,0.08426554595159447
3,-9.89038644247784,-0.061869845467929695,0.08607780832093584
3,-9.893872538930673,-0.031544855537809384,0.09734642340261054
3,-9.890527652695058,-0.04179558171135999,0.12263107974854391
3,-9.91840353493238,-0.05444751816021512,0.10734898490260258
3,-9.950835464008339,-0.06529430220328176,0.09843372996540956
3,-9.908962288361563,-0.05033713355201498,0.09660497277520919
3,-9.909389681570888,-0.05203106017523378,0.11023225387536172
3,-9.870083153556426,-0.03880386359836596,0.12361469886070614
3,-9.89926562318301,-0.0901823452706637,0.14045458175217945
3,-9.906211440089058,-0.05024957311915768,0.11637755866299314
3,-9.920387131494888,-0.03622375955334842,0.12195672729207055
3,-9.893580946093183,-0.03668051934793343,0.07511635152173501
3,-9.904982079862306,-0.05362497057678896,0.06237687415307723
3,-9.905309717728695,-0.01789613321895598,0.09873797398591651
3,-9.896468248801426,-0.042131515630782095,0.05525815897368718
3,-9.898033688778911,-0.059428871573251676,0.09748112905261373
3,-9.880841893598351,-0.07451898802894584,0.11522542247794121
3,-9.947955190088278,-0.049574477489299114,0.13125810750347602
3,-9.936537987418104,-0.04660089311468747,0.09684630456454463
3,-9.930320981105963,-0.08007838992275304,0.09996760316784875
3,-9.954036532618545,-0.05380082021583353,0.11814345651551271
3,-9.899269161007489,-0.05361608124250883,0.09217001770252281
3,-9.90737127710485,-0.032912904384355374,0.13921653433471423
3,-9.913271813689947,-0.04738888000623204,0.12698575895859215
3,-9.90055188406717,-0.03921559202746739,0.08198784414818569
3,-9.890530747337223,-0.0624120916829866,0.10108776484962044
3,-9.906333510003853,-0.08461509162731964,0.10547372470651903
3,-9.916855197006425,-0.03969057490837476,0.09028434139533573
3,-9.9136752069833,-0.019183190493709396,0.12038865650583905
3,-9.930001391968279,-0.05380413459277694,0.10574011671814132
3,-9.934704992130214,-0.06590897318340734,0.1025268947029448
4,10.082339264585125,-0.061110793187986526,0.27563215518844464
4,10.107860820881328,-0.051794269251546614,0.30437264872465847
4,10.073177117062572,-0.010008976191412632,0.27860075196673956
4,10.148313973429989,-0.06135535502600061,0.26483856211327944
4,10.09465604311664,-0.06299101086307421,0.32743908273180505
4,10.114426927530298,-0.07609982011594814,0.30249097826621385
4,10.076479123763209,-0.034587852456506044,0.26069540111444145
4,10.10861461410198,-0.04536539653433929,0.29549918381269935
4,10.121174883336387,-0.05065238902983812,0.27592789177940896
4,10.09270529742626,-0.08423536725032624,0.3076653734497649
4,10.114500741432725,-0.07911995077997086,0.25253641925954834
4,10.08631390023415,-0.05628874852855281,0.3031290387493458
4,10.084781878255653,-0.049124794316302574,0.311059487148972
4,10.14921497907374,-0.0302172517036547,0.2699046292987437
4,10.110184749407432,-0.04366539104375109,0.30077421237563995
4,10.100797765028632,-0.09163836421353258,0.2512585771349318
4,10.104648590965619,-0.07295856897759148,0.2682178165128698
4,10.117835710011587,-0.04203389275144402,0.29749792174176976
4,10.10691029093297,-0.03692909622586509,0.284288351377225
4,10.091325701975085,-0.03749367241478576,0.32483321378040036
4,10.087090135988323,-0.07333930154750438,0.29760655222670634
4,10.101546442581537,-0.06435716754061324,0.30445111344932185
4,10.098712912948555,-0.06737324846252492,0.28831796293883466
4,10.090028449412884,-0.07167180914053829,0.2819478104083135
4,10.127552631638844,-0.016704476633779552,0.2679229603862928
4,10.137076210963706,-0.032962923660799615,0.3340621951677094
4,10.120273141286008,-0.054904825958422464,0.2595216847393559
4,10.065682133906313,-0.06929817021758772,0.3019920627156318
4,10.11329963180027,-0.06887399969104398,0.3005091801910481
4,10.11387300382831,-0.07094268400763208,0.32398906196517924
4,10.076835940515421,-0.03974184081962244,0.29518370772563696
4,10.072589105481468,-0.047345242096506736,0.2986589549955215
4,10.103655542803711,-0.0643432358594132,0.24254714020794355
4,10.100876745516791,-0.030765250234867664,0.3391549801413673
4,10.113825396977617,-0.05791827969265029,0.31776546546788875
4,10.132506490110414,-0.053892201372658856,0.2546714680311762
4,10.13662723704961,-0.03566109055779438,0.24780960346696818
4,10.12171726446544,-0.06362662637899565,0.3385948177342479
4,10.123194141715103,-0.050270568078256014,0.279978813400303
4,10.084863258117524,-0.058282519665013674,0.297359012394112
4,10.092862283015956,-0.026967043036161504,0.32866445576218384
4,10.125736855261222,-0.06785784354240632,0.33728746826790434
4,10.111873438593937,-0.08914795412357202,0.2814521872908279
4,10.110080207819745,-0.0735502016564101,0.3338869169995754
4,10.114522311109527,-0.05145312063281785,0.28455891512936277
4,10.129163616443993,-0.06977994799584601,0.3262789919169928
4,10.10434779540748,-0.037614472726145244,0.3237628749953416
4,10.131137534430726,-0.04832214469776597,0.2940329451689671
4,10.105611035845545,-0.034280774953690696,0.28904206011649014
4,10.12681355297506,-0.058700480854796816,0.28158729274389793
4,10.080192986998103,-0.03149135662726156,0.30318986876887777
4,10.111490195220687,-0.07050174005731497,0.26615116516551274
4,10.125912505670199,-0.048769773089429425,0.3151278736206862
4,10.105504778430463,-0.02056719159556275,0.29156153006255986
4,10.089937611929713,-0.018278363351630758,0.29039052923696296
4,10.07688314407412,-0.05503840366424885,0.2819166290908581
4,10.112231838310658,-0.02438390378684855,0.3012344882454296
4,10.129784969113729,0.003959701036165164,0.3045933781207584
4,10.100028744385614,-0.05754264537268869,0.3039977486329426
4,10.107629775677026,-0.05606722458403916,0.31570868680665903
4,10.0874379262936,-0.053373142832247096,0.3000869426962631
4,10.120487599632414,-0.0320840328211235,0.32402540367614474
4,10.087481117242323,-0.0634485903849147,0.30696711180483804
4,10.136755075354754,-0.0902367806670936,0.3026761107243029
4,10.116074183730301,-0.04204302549613225,0.326872173482438
4,10.096691132712287,-0.03821997766973013,0.3427284137378256
4,10.071854617060223,-0.04912227336671836,0.2949925201897504
4,10.098173326928952,-0.07951935993586609,0.27874250148775215
4,10.091488018270093,-0.053112836582383784,0.2972080970787569
4,10.096807591624902,-0.034537577545297904,0.3018451035124173
4,10.123485554966226,-0.03875151087556273,0.30779741179560577
4,10.16029552017783,0.0037495235243898625,0.32186536685223066
4,10.085444848708569,-0.0552839541807363,0.29621092301753876
4,10.114870149505752,-0.03076358474736575,0.2980887004761391
4,10.116773413570009,-0.10456852034880014,0.322734721439324
4,10.11389125872211,-0.07896683193897791,0.3046896760962295
4,10.094934047773778,-0.054214927261702614,0.2792045232574569
4,10.10339926315827,-0.06917597684056269,0.3204419377800391
4,10.131479453281248,-0.05914318136419975,0.3138079144528025
4,10.096879762614797,-0.04388089512856809,0.3196438620174556
4,10.115589937551274,-0.014963398593585649,0.27240727527840874
4,10.133369337749574,-0.050719526184129116,0.28430502902543275
4,10.111224244444344,-0.0017753938975999597,0.28780920066637233
4,10.116511204391816,-0.057634208864757085,0.2759856759350341
4,10.091938232973712,-0.0874570033487044,0.30398976334924477
4,10.124467966326765,-0.036906319684227716,0.31019023095778
4,10.086068604622143,-0.029074387138061767,0.2993723842024803
4,10.134239990888693,-0.02128006755812167,0.30380852047122087
4,10.112776520024415,-0.054141658196760256,0.3138967699156042
4,10.113226254427474,-0.03179070533564286,0.3527550059891176
4,10.113463506933414,-0.013121731361869456,0.306889244805753
4,10.120187948299364,-0.05952593874870054,0.2747571426185133
4,10.093947544946396,-0.056907018957129865,0.2854084649375341
4,10.125224242401744,-0.06764085131795906,0.2991728099984523
4,10.112440984309146,-0.03168238208362826,0.2919341486072511
4,10.134606888375842,-0.03173148821189177,0.2888279435997832
4,10.091643964197658,-0.03775185268739249,0.2912906646735793
4,10.1379111328538,-0.014403004064763934,0.26124299645058124
4,10.08081589254494,-0.03141193777391853,0.3001513024478314
4,10.139127113610563,-0.06879754422723226,0.2769324944848827
4,10.115021153890053,-0.04793116920152198,0.2946169022126611
4,10.093921824057078,-0.053523119119519805,0.27732856994297633
4,10.104256344911079,-0.0398850891167533,0.2942933870282809
4,10.078054158960418,-0.03613060111084888,0.3024550319906381
4,10.10815133238768,-0.08258420285403453,0.2938933910505683
4,10.11520367248247,-0.0781303974891148,0.31331304061134035
4,10.099104757298809,-0.10425157552092336,0.3242523605445744
4,10.075374997546165,-0.06341478775936277,0.30938732561204146
4,10.118029292902877,-0.06538966323838608,0.3341803755048023
4,10.130106668524165,-0.04661507276238463,0.31998306114778086
4,10.124512027372845,-0.06296630642073069,0.3106154814161956
4,10.140178418057454,-0.03706111231388681,0.33436296331203996
4,10.129949167300142,-0.06457772597333211,0.3001963648732029
4,10.104296005766209,-0.00893687657376254,0.247117898201519
4,10.113283048043298,-0.04197390378101469,0.3356965163112925
4,10.111359211758987,-0.0667238954416743,0.31525963150333053
4,10.135140646093848,-0.044675457754624934,0.29614383330698785
4,10.092579253078059,-0.06654040051832058,0.29673061929916067
4,10.120248427998263,-0.051827546942916615,0.3147760031409955
4,10.085974525054768,-0.03866365799089362,0.3212608307637881
4,10.093561850343022,-0.004874781778995835,0.29442357685245996
4,10.122566810450447,-0.06337883326684121,0.32288842702494774
4,10.083921104489466,-0.07766303964221759,0.32771404209517685
4,10.109967982210156,-0.025291544060552167,0.286764513272359
4,10.087222820477834,-0.03930238882371037,0.30197325052413054
4,10.084963747018366,-0.034289927574883805,0.2657400861859192
4,10.09657215818594,-0.04914246266782565,0.31100813490741386
4,10.105922552109778,-0.031931030057012214,0.29838665283227334
4,10.098284163563317,-0.04437523616972026,0.2691744604957443
4,10.112409273989972,-0.06294354559062926,0.3025655963550073
4,10.14954248006788,-0.04970318472488671,0.30295123114144307
4,10.11926849466942,-0.0725313015146333,0.2844850597403099
4,10.079662595059306,-0.03279048333268528,0.3024061227583197
4,10.109576712781923,-0.030570941690525752,0.2789704671227634
4,10.07100648869341,-0.021083623015097676,0.25459846962366584
4,10.095875770028414,-0.06271129125645264,0.2930776067358527
4,10.105749144393785,-0.030225195979941274,0.30138852699204155
4,10.124802170063706,-0.04019003498622126,0.29981938881198983
4,10.105024749715714,-0.0345503423215423,0.2943815166425238
4,10.11237390538032,-0.03685666825439536,0.2881166398546063
4,10.154370834499451,-0.09403435144129259,0.2722084589275031
4,10.091591128215114,-0.05301926273747859,0.309211470670738
4,10.098158038607432,-0.054992720093577044,0.27979957508190284
4,10.137938322857696,-0.047160224228454437,0.28013893659038824
4,10.110692748634904,-0.06778345041908868,0.29041244272782585
4,10.1211785567884,-0.05971557671212478,0.2961515139800825
4,10.081580726343281,-0.042955172874087226,0.3149555405575141
4,10.155230971873147,-0.05438317021909781,0.30149012984603324
4,10.116184001685822,-0.045795554154947744,0.2776139969806352
4,10.12225751230535,-0.013227870187921861,0.2886995709239358
4,10.092695230588102,-0.04373570284021851,0.30991381420650793
4,10.111776668891656,-0.05394123542475753,0.25453916341046445
4,10.123756908245872,-0.03215226838308545,0.2826332980116397
4,10.113341826437916,-0.027978692930717163,0.3180118672960602
4,10.096774483031446,-0.08075919533208202,0.31480021255816276
4,10.115845478468609,-0.057743847343801176,0.2776545580833235
4,10.107446250856079,-0.08125794866231434,0.34687079617855304
4,10.097304108263854,-0.07392357729602489,0.2915355388659722
4,10.135412025320678,-0.08190925770439492,0.31001120920983144
4,10.105922403984158,-0.03447489373846108,0.26158180909553735
4,10.094190267388793,-0.07682586068981642,0.26697315995653326
4,10.131804631308984,-0.03810974626116566,0.2968496602453829
4,10.100943374287015,-0.06323293896649294,0.2898443385473268
4,10.124989117972788,-0.05275428308606352,0.3329871193509689
4,10.092488806636242,-0.0491459581171899,0.29216975674450935
4,10.105310390671754,-0.04626998690937671,0.2886671389354741
4,10.122622818742236,-0.05615914019892854,0.30015729013148085
4,10.078471121105537,-0.02654191255118756,0.2916680703976704
4,10.097648561675433,-0.041463977330753216,0.27814297995330917
4,10.081920350315709,-0.02779759570873381,0.3020717663680332
4,10.102432170353008,-0.05677955882426592,0.29391649520030383
4,10.124550715306787,-0.07215186611309625,0.2901501219391698
4,10.119512761534173,-0.05910550335211022,0.33583378296487737
4,10.098619290369738,-0.07179578107990423,0.3212165767305901
4,10.104654808784572,-0.09753392483661322,0.3167008107806162
4,10.127641792718325,-0.043274345035360345,0.31318387744614407
4,10.084250687120344,-0.05695836946013253,0.28898591193232853
4,10.096407723796933,-0.06614759270973432,0.3104025650716639
4,10.11890598803622,-0.05842712920876703,0.28741876865847865
4,10.125730196380571,-0.07129975239085437,0.26084303477805826
4,10.112393749239928,-0.012032315635543918,0.3313225465327776
4,10.126587559173508,-0.059384404246325774,0.3227457492563113
4,10.102829189832418,-0.07488242665792592,0.3068799577766265
4,10.108763861037787,-0.03962838427328774,0.2626985673021952
4,10.117055681451811,-0.04922189326264395,0.2863043109888016
4,10.128067300249755,-0.05166875655242433,0.3026582310286519
4,10.117886666963397,-0.034292276090077685,0.3107261962088911
4,10.11128355865096,-0.07850601875187246,0.31579975085436623
4,10.08961393684952,-0.0752254147073449,0.31203342687263286
4,10.061001918402008,-0.045484283319487215,0.3339758538351947
4,10.091772657688455,-0.06869176172219121,0.27821224327913013
4,10.099602981533348,-0.026054593973549887,0.3376213850479796
4,10.095530042087319,-0.07212187798099383,0.2737425155799756
4,10.112124249540704,-0.08307599080868926,0.33675931803949194
4,10.13515035071749,-0.054179222462643735,0.29399772084716796
4,10.09724222413614,-0.05310182139357717,0.2849593184817624
4,10.12277599064451,-0.0701046601346161,0.32287615938419323
4,10.090669950746971,-0.09280965547983351,0.30863097309461857
4,10.138054854350816,-0.06224325208344036,0.29773967302066373
4,10.09491183850131,-0.05793160482567862,0.283636894825456
5,0.2725138810003986,-0.10709847529595914,-9.72056364388837
5,0.28982357771132405,-0.14217332947756708,-9.714717725985892
5,0.3023031201062518,-0.12011887486294662,-9.710647716041297
5,0.31086208029912743,-0.150343315665548,-9.756805433731863
5,0.25854673097040193,-0.16484136333912494,-9.682664195163118
5,0.26836385622802333,-0.14776413728590193,-9.70464686516678
5,0.2636123316653879,-0.16386139211859968,-9.704580235145292
5,0.2991945581006326,-0.14772427701895946,-9.698145616383467
5,0.30798036050662814,-0.14015114472647341,-9.726680898654344
5,0.296551205849256,-0.16517947834655675,-9.695218617205578
5,0.30480429786108126,-0.1400065325002007,-9.682365392442442
5,0.2779166874727536,-0.11658455168820538,-9.710670389491906
5,0.3063953212221085,-0.13743428562981064,-9.699288305493635
5,0.30572085254646797,-0.11689829023159347,-9.744958164522053
5,0.3204084540184028,-0.1296103175093858,-9.712787957534186
5,0.2642261296438405,-0.14391562104275765,-9.712700094039928
5,0.3139839204791284,-0.15091218649257696,-9.702336942575366
5,0.31255721985057944,-0.15382062875977093,-9.710476802297896
5,0.2693016063110745,-0.1261491740398188,-9.67400196812238
5,0.2890475076750059,-0.1663111979251681,-9.754649298989461
5,0.30067752376712803,-0.14716303054312646,-9.69329375238705
5,0.2711957908330919,-0.09154318260058508,-9.729228517409373
5,0.2919263812126934,-0.1448003926082258,-9.696347920363465
5,0.28678167928086307,-0.16200429855832726,-9.712512225780188
5,0.28193908147343183,-0.14710293644409378,-9.732794295761785
5,0.31696930227897085,-0.12984319689945178,-9.695524090289897
5,0.3149775292918056,-0.16854057673240797,-9.693231162530259
5,0.29892935114740626,-0.1590533416921022,-9.7038262153856
5,0.2696241888518958,-0.1437542411103507,-9.69885485031459
5,0.27569918216059297,-0.16339445833982608,-9.733305857668004
5,0.3319206550915953,-0.13107304572622538,-9.7246317827684
5,0.2992633313844463,-0.1214186197046733,-9.7375532668345
5,0.32100606182518027,-0.11903912822551373,-9.715108891508367
5,0.29699360584497586,-0.12552149364335363,-9.728506712249963
5,0.3206668746008056,-0.13709977651663932,-9.721259166037589
5,0.3028706224292051,-0.1488209965968072,-9.738163354159626
5,0.31638247550818904,-0.14102817382426602,-9.68394891033957
5,0.3050172193016474,-0.1281697441564387,-9.703596036523587
5,0.26038981713462767,-0.18656873134280383,-9.715934004479989
5,0.3231169372355596,-0.13828815743082565,-9.719783984377184
5,0.32832426551051286,-0.1241755334481423,-9.670256507868162
5,0.2947949504436255,-0.13886299428495802,-9.689882193607808
5,0.3221397822119036,-0.14682517215624383,-9.68631724780857
5,0.3021385685369626,-0.15154132398195633,-9.682574879784779
5,0.2709200926264127,-0.17566836701385619,-9.700455926934922
5,0.3420607003553566,-0.1563515588911213,-9.700278469777448
5,0.3643960741965871,-0.17218007922097572,-9.723479118104384
5,0.28780157649151633,-0.11944606843904981,-9.708711808732012
5,0.3192923180543635,-0.14475035925969043,-9.72521513088498
5,0.2717849763152914,-0.14145238977530727,-9.719367872615425
5,0.2722621375010283,-0.14583217148339042,-9.721207256913393
5,0.29167728483750655,-0.1267478288412579,-9.72117480922318
5,0.2800721520905827,-0.1455131470451172,-9.705026310799214
5,0.287480481779622,-0.1844399476964915,-9.686472511164098
5,0.30990435935769983,-0.1619373788075519,-9.71762123914945
5,0.2928896606524985,-0.15935240366473938,-9.719222050514212
5,0.29800867166477774,-0.12827366690397507,-9.724962598759474
5,0.3094691855425838,-0.11597810601358371,-9.770506442951483
5,0.31635293828670397,-0.15096219228013352,-9.704521600862263
5,0.29743023935858753,-0.13888129304129104,-9.699125702799996
5,0.31283335692215547,-0.1751988887907862,-9.691391084737644
5,0.33128348241282335,-0.14290745926947745,-9.713378148170701
5,0.2888384790428416,-0.14362273665581327,-9.704762618591822
5,0.3198133396870493,-0.12956289631992993,-9.730652102871106
5,0.3150835276476548,-0.13561045352974954,-9.659490768711
5,0.2927508976589735,-0.12893584061304575,-9.68055032697192
5,0.2954267102518923,-0.17099166967418947,-9.683669021168122
5,0.25123128267317474,-0.16690439096819087,-9.702627486018287
5,0.30339450220209374,-0.17820392088260564,-9.685306072392207
5,0.2803438490985582,-0.13959912951512762,-9.668127302067507
5,0.30745195821789567,-0.17676668277029964,-9.684142790174704
5,0.30533624949509247,-0.13219045996961576,-9.723687751044576
5,0.31474758852134904,-0.15669422907432629,-9.696201470389
5,0.2954799057978741,-0.16843138481115352,-9.758684308910613
5,0.2585390578439226,-0.11858634984253086,-9.716386910098022
5,0.30249600857784437,-0.18663666983037108,-9.72629495655447
5,0.29374222428614905,-0.11470223462431431,-9.67832881061907
5,0.3282961953085048,-0.1495636127421036,-9.73605312998674
5,0.2638163984579961,-0.13460297187102974,-9.72200493955685
5,0.2854742788330728,-0.16023932251485387,-9.723602922529102
5,0.3249233065981972,-0.13957758666086983,-9.716737891368506
5,0.27144557205329795,-0.15666611380198991,-9.696732850622181
5,0.2820577536822873,-0.19033839821042825,-9.716606867345451
5,0.3105872180373446,-0.13207513193643644,-9.695877519946384
5,0.3096412991639828,-0.1443865079389428,-9.720954276686017
5,0.299801555163006,-0.15815633427095963,-9.72401484790764
5,0.30489837629819755,-0.20015843385883686,-9.712944729874978
5,0.29729932670507064,-0.15134076877894764,-9.711918022479079
5,0.31323995261350435,-0.13899758038913645,-9.683584775591921
5,0.2785210905333344,-0.1553229021074058,-9.685576737122465
5,0.2885083608808697,-0.1507054702575934,-9.70678007920692
5,0.32726236754845417,-0.1412780800621455,-9.702265061311248
5,0.2817888761435264,-0.15158406344959605,-9.688285458553528
5,0.28512069685520125,-0.13199478163721284,-9.693742700770724
5,0.3198308493253199,-0.11224393505173227,-9.685446019735071
5,0.3256608786049461,-0.16055320394582787,-9.700290900596592
5,0.2878882784366569,-0.16141018414402591,-9.744674260751282
5,0.2773023506407416,-0.12345088429532856,-9.752452459550158
5,0.30790609376060407,-0.14628878526483266,-9.715750295859085
5,0.2828654731470528,-0.13866183115351216,-9.702377221363008
5,0.2977706088569333,-0.14294492676677306,-9.716987950319593
5,0.2957394981147263,-0.17132735847611696,-9.706079836850392
5,0.2738797280856057,-0.13080691246227866,-9.690390832070237
5,0.3067392405583909,-0.14856628210226808,-9.758012845663876
5,0.29172937457137915,-0.13920279379642375,-9.695676880274288
5,0.30863564406433297,-0.15580540821497674,-9.757942312976782
5,0.311947616450495,-0.14157230828124115,-9.704110793487141
5,0.2969675767780128,-0.12706048771684741,-9.690693019919506
5,0.281144953689291,-0.1758763838337731,-9.712220778965621
5,0.3029468484092387,-0.16072577819211373,-9.696243659354204
5,0.2826514915373746,-0.197573675356903,-9.699202998077787
5,0.29679646976534985,-0.14285737130612336,-9.718645403619405
5,0.25471949816584827,-0.1630401342088662,-9.723240461098811
5,0.31201391203274625,-0.16890600343212547,-9.687532856038242
5,0.3234256183429401,-0.16936218566621308,-9.722712686588883
5,0.2616684791006595,-0.16692850928659617,-9.744106620237838
5,0.2812104271436957,-0.14401894834102982,-9.713303894042523
5,0.26664228445227534,-0.12074012920635147,-9.706664388423405
5,0.3071965433182498,-0.17232946606695826,-9.692621255620745
5,0.3004062630428742,-0.15820155283055579,-9.724208780128599
5,0.3095634801825711,-0.14431335316205235,-9.716845788072467
5,0.2808717477109184,-0.16832671338546534,-9.699546034797361
5,0.3464843872104475,-0.1396741324427162,-9.689963847228398
5,0.3297417741848831,-0.16242213145125015,-9.732862782804348
5,0.3161388149870992,-0.12429678243112931,-9.745782836655996
5,0.27933679055948674,-0.16156866787238686,-9.723795680491913
5,0.3221682425376558,-0.11421032373086382,-9.68784662451786
5,0.26838619803250624,-0.12020941645502989,-9.667648771255054
5,0.32646888727454715,-0.09186100556013349,-9.76649843928459
5,0.25412422684158437,-0.1385681846247931,-9.723683429069396
5,0.2970024678973959,-0.1327869342400676,-9.712543569490864
5,0.2756876470958418,-0.1358303412747678,-9.684804221792167
5,0.32528988281849386,-0.13648417028678175,-9.708022948062302
5,0.28305866606850494,-0.1486333969339599,-9.710147814490579
5,0.3151688210137812,-0.11323326735372227,-9.722719379875043
5,0.3210280654431936,-0.1375475982535855,-9.701706698805916
5,0.31296060442268103,-0.13425251750556047,-9.688652214482916
5,0.3104926652823382,-0.14466781628924147,-9.68160558289701
5,0.28551657939131836,-0.15389437383173055,-9.678533096954196
5,0.3257726203685126,-0.13719445990630588,-9.695593923592682
5,0.3103671442777752,-0.16457060975292084,-9.740882549999311
5,0.2829316599954196,-0.17013159461774222,-9.739089777072808
5,0.2870684163322324,-0.1634856439294535,-9.696302880530371
5,0.2715416634819924,-0.14895512897593566,-9.739596593152859
5,0.2841991292472127,-0.16759711258073934,-9.710554522725216
5,0.2826055746390388,-0.1393195003547426,-9.686879906158923
5,0.314584867512285,-0.12942845925280472,-9.705367670006543
5,0.3081014687107795,-0.1723252530987399,-9.703108063389275
5,0.24979957381667545,-0.12350092985992017,-9.676896875415146
5,0.3207911918924576,-0.12827154103261823,-9.680201066660569
5,0.30937984200689245,-0.1129194461078532,-9.71113705331924
5,0.27042750524313236,-0.10712301430579887,-9.677670716697383
5,0.2921012109381894,-0.14071895260231826,-9.688722762981124
5,0.28992183530592114,-0.1536251084049688,-9.67246340846847
5,0.2994936552488258,-0.12245507427675034,-9.726247945281186
5,0.28493860446588454,-0.11647765484301813,-9.687374591629021
5,0.3099339026968503,-0.19808337089396783,-9.706481483364152
5,0.31738134719749467,-0.14399864523851957,-9.716838904881604
5,0.28501060026662184,-0.116655518389105,-9.732295759858992
5,0.28683724426982987,-0.14876490134503562,-9.692043875809665
5,0.311652951462417,-0.1562118306227414,-9.706524375763852
5,0.31886482025060736,-0.16865077892761832,-9.736596469794263
5,0.2963035217135304,-0.1548928551990751,-9.710127291750865
5,0.2966472129996011,-0.14567982096312787,-9.71022696065198
5,0.27033623436433063,-0.15038092704205636,-9.677626300433962
5,0.3103901262723801,-0.160926650525917,-9.713035836462527
5,0.27011255375243187,-0.15643571366187745,-9.723019357198885
5,0.2848616440689698,-0.14224181369301497,-9.712247525540374
5,0.2886106204886436,-0.18695224225611917,-9.69600528369259
5,0.30631847717478916,-0.14226171473096694,-9.698299334346741
5,0.33194647886855255,-0.19087455894424651,-9.71825190768729
5,0.3026090337086599,-0.130521708882196,-9.722543824927605
5,0.30922307217931166,-0.1646890650909164,-9.714015198378135
5,0.3179803282712286,-0.14217936962979763,-9.742489592506018
5,0.3303150632777164,-0.18994209284430602,-9.69757314681244
5,0.31486873438683427,-0.162175944658578,-9.711600565367393
5,0.2913144928950154,-0.156826348883869,-9.745705469741347
5,0.2977843371243259,-0.10911546638002828,-9.765895347228325
5,0.29317193536619046,-0.11767549440032646,-9.713782192487884
5,0.33426088958843214,-0.169563041148852,-9.707504406036303
5,0.28667409821573026,-0.142710516160164,-9.719677231828976
5,0.28177436283165647,-0.13015565018983496,-9.661798966405252
5,0.32050142789152597,-0.17526348577058812,-9.709677286742142
5,0.2781740791269955,-0.15506101368780084,-9.722472423137582
5,0.29295309748812837,-0.130128109881805,-9.690676207238551
5,0.3169333296775311,-0.14970614056205772,-9.736216159400353
5,0.2633515168997272,-0.15425838767080172,-9.721110797649509
5,0.29340982364034246,-0.10642383705533588,-9.733775690139824
5,0.28042928696804403,-0.1446405396394213,-9.716481770798303
5,0.2983192293962054,-0.16210958054821273,-9.688085733436534
5,0.2838047191844165,-0.17434461597955314,-9.69186358314174
5,0.2939110904057441,-0.16800818223188238,-9.73687178273279
5,0.3230860736775404,-0.11899824458235349,-9.728115203843515
5,0.27915168325311196,-0.13636312628362643,-9.671935523001249
5,0.26979563887335883,-0.15552575547570963,-9.667990072368346
5,0.2768706982445973,-0.14997801860736323,-9.716053879209829
5,0.32462652585472634,-0.14738330451147164,-9.708723414532537
5,0.32462939736210755,-0.14080469406918514,-9.73381042521554
5,0.305475705304963,-0.127806198649557,-9.716622912009464
5,0.2750011577872013,-0.11522312553415409,-9.713742885751856
